{"initial_reset_timestamp": 1733372879.4063323, "timestamps": [1733372879.588528, 1733372879.907782, 1733372879.9803295, 1733372879.984984, 1733372879.9914217, 1733372879.995317, 1733372879.999585, 1733372880.005086, 1733372880.2693129, 1733372880.3380175, 1733372880.3462234, 1733372880.354275, 1733372880.3709893, 1733372880.3752193, 1733372880.3819876, 1733372880.390903, 1733372880.3976371, 1733372880.4032996, 1733372880.4170148, 1733372880.4246724, 1733372880.4366899, 1733372880.4406366, 1733372880.451083, 1733372880.462173, 1733372880.4678814, 1733372880.4777653, 1733372880.4849415, 1733372880.7538943, 1733372880.8225112, 1733372880.82861, 1733372880.832384, 1733372880.838435, 1733372880.8459036, 1733372880.85144, 1733372880.8549607, 1733372880.86579, 1733372880.8706627, 1733372880.87524, 1733372880.8790967, 1733372880.884656, 1733372880.88951, 1733372880.8947525, 1733372880.8977852, 1733372880.9020936, 1733372880.9076967, 1733372880.9113822, 1733372880.9171898, 1733372880.9233327, 1733372880.928464, 1733372880.9350085, 1733372880.9399858], "episode_lengths": [14, 28, 14, 10, 20, 10, 13, 16, 27, 20, 23, 24, 40, 12, 21, 29, 21, 17, 44, 25, 29, 9, 33, 35, 17, 27, 22, 24, 22, 14, 10, 19, 23, 18, 9, 33, 14, 14, 12, 17, 14, 15, 8, 13, 17, 10, 17, 18, 16, 20, 15], "episode_rewards": [-0.2527247977580024, 14.558346054282636, 3.2853806390770277, 0.05976992642324315, 3.6825012003779953, -1.0840418182955625, 1.1452496822779639, -0.8100907082387201, 1.940467090668022, 7.064022647380232, -1.5514201889993247, 1.7254944896270206, 10.001052209107664, 0.12881529842535683, 1.5069918756576228, -1.386404265674825, -5.022347511289085, 2.1078372019181812, 20.317611273216936, -3.8405475057761693, 16.69537271637826, -3.9893852876619085, 6.397488329752582, 1.6386378203605672, 1.186387549018046, 1.8406014052461621, -3.317522023862175, -1.943999815312743, -4.24279682036689, -1.1587184470752443, -2.6631610530853873, -6.113705084978379, -0.7804516115582651, -3.7133328673667982, -3.674596424798736, 8.5838081980081, -3.6059187718912176, -3.27183711967057, -2.8564431953237204, 1.9906015562773887, -3.7741767936021207, 0.06436113771010538, -5.372328784909285, 0.2047592370283206, 7.644817968264437, -2.903974738647266, 5.760927847272849, 5.989824475128784, 3.268146939939642, -0.3993265934227783, -1.7358153307584574], "episode_types": ["t", "t", "t", "t", "t", "t", "t", "t", "t", "t", "t", "t", "t", "t", "t", "t", "t", "t", "t", "t", "t", "t", "t", "t", "t", "t", "t", "t", "t", "t", "t", "t", "t", "t", "t", "t", "t", "t", "t", "t", "t", "t", "t", "t", "t", "t", "t", "t", "t", "t", "t", "t"]}